{
  "number_of_living_rooms":0,
  "living_rooms_plus?":false,
  "number_of_bedrooms":0,
  "bedrooms_plus?":true,
  "number_of_bathrooms":0,
  "bathrooms_plus?":true,
  "exterior_walls":[
    [
      0,
      131,
      187,
      164,
      187,
      1
    ],
    [
      1,
      116,
      25,
      164,
      25,
      0
    ],
    [
      2,
      116,
      25,
      117,
      45,
      0
    ],
    [
      3,
      164,
      25,
      164,
      104,
      0
    ],
    [
      4,
      94,
      92,
      117,
      92,
      0
    ],
    [
      5,
      131,
      147,
      131,
      187,
      0
    ],
    [
      6,
      164,
      104,
      164,
      128,
      0
    ],
    [
      7,
      164,
      128,
      164,
      147,
      0
    ],
    [
      8,
      164,
      147,
      164,
      187,
      0
    ],
    [
      9,
      74,
      92,
      94,
      92,
      1
    ],
    [
      10,
      117,
      147,
      131,
      147,
      1
    ],
    [
      11,
      74,
      225,
      117,
      225,
      1
    ],
    [
      12,
      117,
      45,
      117,
      92,
      0
    ],
    [
      13,
      74,
      92,
      74,
      104,
      0
    ],
    [
      14,
      74,
      104,
      74,
      225,
      0
    ],
    [
      15,
      117,
      147,
      117,
      225,
      0
    ]
  ],
  "connections_corners":[
    [
      0,
      0,
      0,
      8,
      -90.0,
      0
    ],
    [
      0,
      8,
      0,
      7,
      0.0,
      0
    ],
    [
      0,
      7,
      0,
      6,
      0.0,
      0
    ],
    [
      0,
      6,
      0,
      3,
      0.0,
      0
    ],
    [
      0,
      3,
      0,
      1,
      -90.0,
      0
    ],
    [
      0,
      1,
      0,
      2,
      -92.86240522611175,
      0
    ],
    [
      0,
      2,
      0,
      12,
      2.862405226111745,
      0
    ],
    [
      0,
      12,
      0,
      4,
      90.0,
      0
    ],
    [
      0,
      4,
      0,
      9,
      0.0,
      0
    ],
    [
      0,
      9,
      0,
      13,
      -90.0,
      0
    ],
    [
      0,
      13,
      0,
      14,
      0.0,
      0
    ],
    [
      0,
      14,
      0,
      11,
      -90.0,
      0
    ],
    [
      0,
      11,
      0,
      15,
      -90.0,
      0
    ],
    [
      0,
      15,
      0,
      10,
      90.0,
      0
    ],
    [
      0,
      10,
      0,
      5,
      90.0,
      0
    ],
    [
      0,
      5,
      0,
      0,
      -90.0,
      0
    ]
  ],
  "connections_rooms":[
    [
      2,
      0,
      0,
      0,
      1,
      2
    ],
    [
      6,
      0,
      0,
      4,
      0,
      6
    ],
    [
      3,
      0,
      8,
      0,
      1,
      3
    ],
    [
      8,
      0,
      6,
      0,
      1,
      3
    ],
    [
      4,
      0,
      4,
      1,
      0,
      3
    ],
    [
      2,
      0,
      0,
      8,
      0,
      0
    ],
    [
      6,
      0,
      8,
      1,
      0,
      2
    ],
    [
      3,
      0,
      4,
      0,
      0,
      2
    ],
    [
      6,
      1,
      0,
      9,
      1,
      6
    ],
    [
      1,
      0,
      4,
      1,
      0,
      1
    ],
    [
      8,
      0,
      0,
      12,
      0,
      5
    ],
    [
      8,
      0,
      1,
      0,
      0,
      2
    ],
    [
      6,
      1,
      0,
      13,
      0,
      4
    ]
  ]
}