{
  "number_of_living_rooms":0,
  "living_rooms_plus?":false,
  "number_of_bedrooms":0,
  "bedrooms_plus?":false,
  "number_of_bathrooms":3,
  "bathrooms_plus?":true,
  "exterior_walls":[
    [
      0,
      55,
      245,
      180,
      245,
      0
    ],
    [
      1,
      54,
      25,
      139,
      25,
      1
    ],
    [
      2,
      54,
      25,
      54,
      110,
      0
    ],
    [
      3,
      180,
      25,
      180,
      68,
      0
    ],
    [
      4,
      139,
      25,
      180,
      25,
      0
    ],
    [
      5,
      54,
      219,
      55,
      245,
      0
    ],
    [
      6,
      180,
      68,
      180,
      111,
      0
    ],
    [
      7,
      180,
      111,
      180,
      132,
      0
    ],
    [
      8,
      180,
      132,
      180,
      219,
      0
    ],
    [
      9,
      180,
      219,
      180,
      245,
      0
    ],
    [
      10,
      54,
      110,
      54,
      132,
      0
    ],
    [
      11,
      54,
      132,
      54,
      219,
      0
    ]
  ],
  "connections_corners":[
    [
      0,
      0,
      0,
      9,
      -90.0,
      0
    ],
    [
      0,
      9,
      0,
      8,
      0.0,
      0
    ],
    [
      0,
      8,
      0,
      7,
      0.0,
      0
    ],
    [
      0,
      7,
      0,
      6,
      0.0,
      0
    ],
    [
      0,
      6,
      0,
      3,
      0.0,
      0
    ],
    [
      0,
      3,
      0,
      4,
      -90.0,
      0
    ],
    [
      0,
      4,
      0,
      1,
      0.0,
      0
    ],
    [
      0,
      1,
      0,
      2,
      -90.0,
      0
    ],
    [
      0,
      2,
      0,
      10,
      0.0,
      0
    ],
    [
      0,
      10,
      0,
      11,
      0.0,
      0
    ],
    [
      0,
      11,
      0,
      5,
      -2.202598161765806,
      0
    ],
    [
      0,
      5,
      0,
      0,
      -87.7974018382342,
      0
    ]
  ],
  "connections_rooms":[
    [
      4,
      0,
      6,
      0,
      0,
      1
    ],
    [
      4,
      0,
      4,
      1,
      1,
      8
    ],
    [
      2,
      0,
      6,
      0,
      0,
      8
    ],
    [
      4,
      1,
      0,
      6,
      0,
      0
    ],
    [
      6,
      0,
      0,
      7,
      0,
      0
    ],
    [
      4,
      1,
      6,
      0,
      1,
      2
    ],
    [
      6,
      0,
      3,
      0,
      1,
      2
    ],
    [
      4,
      2,
      4,
      0,
      1,
      2
    ],
    [
      2,
      0,
      6,
      1,
      0,
      3
    ],
    [
      6,
      1,
      3,
      1,
      1,
      2
    ]
  ]
}